datum,tankenr,value
1.4543712E9,1,0.10527364537895915
1.4544576E9,1,0.10866164334993285
1.454544E9,1,0.11204964132090656
1.4546304E9,1,0.11543763929188025
1.4547168E9,1,0.11882563726285394
1.4548032E9,1,0.12221363523382764
1.4548896E9,1,0.12560163320480133
1.454976E9,1,0.12898963117577503
1.4550624E9,1,0.13237762914674872
1.4551488E9,1,0.13576562711772244
1.4552352E9,1,0.13915362508869614
1.4553216E9,1,0.14254162305966983
1.455408E9,1,0.14592962103064352
1.4554944E9,1,0.14931761900161722
1.4555808E9,1,0.1527056169725909
1.4556672E9,1,0.1560936149435646
1.4557536E9,1,0.1594816129145383
1.45584E9,1,0.162869610885512
1.4559264E9,1,0.16625760885648572
1.4560128E9,1,0.1696456068274594
1.4560992E9,1,0.1730336047984331
1.4561856E9,1,0.1764216027694068
1.456272E9,1,0.1798096007403805
1.4563584E9,1,0.1831975987113542
1.4564448E9,1,0.18658559668232788
1.4565312E9,1,0.18997359465330158
1.4566176E9,1,0.19336159262427527
1.456704E9,1,0.196749590595249
1.4567904E9,1,0.20013758856622269
1.4568768E9,1,0.20352558653719638
1.4569632E9,1,0.20691358450817007
1.4570496E9,1,0.21030158247914377
1.457136E9,1,0.21368958045011746
1.4572224E9,1,0.21707757842109116
1.4573088E9,1,0.22046557639206485
1.4573952E9,1,0.22385357436303854
1.4574816E9,1,0.22724157233401224
1.457568E9,1,0.23062957030498596
1.4576544E9,1,0.23401756827595965
1.4577408E9,1,0.23740556624693335
1.4578272E9,1,0.24079356421790704
1.4579136E9,1,0.24418156218888074
1.458E9,1,0.24756956015985443
1.4580864E9,1,0.25095755813082815
1.4581728E9,1,0.2543455561018018
1.4582592E9,1,0.25773355407277554
1.4583456E9,1,0.2611215520437492
1.458432E9,1,0.2645095500147229
1.4585184E9,1,0.2678975479856966
1.4586048E9,1,0.2712855459566703
1.4586912E9,1,0.274673543927644
1.4587776E9,1,0.2780615418986177
1.458864E9,1,0.2814495398695914
1.4589504E9,1,0.2848375378405651
1.4590368E9,1,0.2882255358115388
1.4591232E9,1,0.2916135337825125
1.4592096E9,1,0.2950015317534862
1.459296E9,1,0.29838952972445987
1.4593824E9,1,0.3017775276954336
1.4594688E9,1,0.30516552566640726
1.4595552E9,1,0.308553523637381
1.4596416E9,1,0.3119415216083547
1.459728E9,1,0.31532951957932837
1.4598144E9,1,0.3187175175503021
1.4599008E9,1,0.32210551552127575
1.4599872E9,1,0.3254935134922495
1.4600736E9,1,0.32888151146322314
1.46016E9,1,0.33226950943419686
1.4602464E9,1,0.33565750740517053
1.4603328E9,1,0.33904550537614425
1.4604192E9,1,0.342433503347118
1.4605056E9,1,0.34582150131809164
1.460592E9,1,0.34920949928906536
1.4606784E9,1,0.35259749726003903
1.4607648E9,1,0.35598549523101275
1.4608512E9,1,0.3593734932019864
1.4609376E9,1,0.36276149117296014
1.461024E9,1,0.3661494891439338
1.4611104E9,1,0.3695374871149075
1.4611968E9,1,0.37292548508588125
1.4612832E9,1,0.3763134830568549
1.4613696E9,1,0.37970148102782864
1.461456E9,1,0.3830894789988023
1.4615424E9,1,0.386477476969776
1.4616288E9,1,0.3898654749407497
1.4617152E9,1,0.3932534729117234
1.4618016E9,1,0.3966414708826971
1.461888E9,1,0.4000294688536708
1.4619744E9,1,0.4034174668246445
1.4620608E9,1,0.4068054647956182
1.4621472E9,1,0.4101934627665919
1.4622336E9,1,0.4135814607375656
1.46232E9,1,0.4169694587085393
1.4624064E9,1,0.42035745667951296
1.4624928E9,1,0.4237454546504867
1.4625792E9,1,0.42713345262146035
1.4626656E9,1,0.4305214505924341
1.462752E9,1,0.4339094485634078
1.4628384E9,1,0.43729744653438146
1.4629248E9,1,0.4406854445053552
1.4630112E9,1,0.44407344247632885
1.4630976E9,1,0.44746144044730257
1.463184E9,1,0.45084943841827624
1.4632704E9,1,0.45423743638924996
1.4633568E9,1,0.4576254343602236
1.4634432E9,1,0.46101343233119735
1.4635296E9,1,0.464401430302171
1.463616E9,1,0.46778942827314474
1.4637024E9,1,0.47117742624411846
1.4637888E9,1,0.4745654242150921
1.4638752E9,1,0.47795342218606585
1.4639616E9,1,0.4813414201570395
1.464048E9,1,0.48472941812801323
1.4641344E9,1,0.4881174160989869
1.4642208E9,1,0.4915054140699606
1.4643072E9,1,0.4948934120409343
1.4643936E9,1,0.498281410011908
1.46448E9,1,0.5016694079828817
1.4645664E9,1,0.5050574059538554
1.4646528E9,1,0.5084454039248291
1.4647392E9,1,0.5118334018958028
1.4648256E9,1,0.5152213998667765
1.464912E9,1,0.5186093978377502
1.4649984E9,1,0.5219973958087238
1.4650848E9,1,0.5253853937796976
1.4651712E9,1,0.5287733917506713
1.4652576E9,1,0.532161389721645
1.465344E9,1,0.5355493876926187
1.4654304E9,1,0.5389373856635924
1.4655168E9,1,0.5423253836345661
1.4656032E9,1,0.5457133816055397
1.4656896E9,1,0.5491013795765135
1.465776E9,1,0.5524893775474872
1.4658624E9,1,0.5558773755184608
1.4659488E9,1,0.5592653734894345
1.4660352E9,1,0.5626533714604083
1.4661216E9,1,0.566041369431382
1.466208E9,1,0.5694293674023556
1.4662944E9,1,0.5728173653733294
1.4663808E9,1,0.5762053633443031
1.4664672E9,1,0.5795933613152767
1.4665536E9,1,0.5829813592862504
1.46664E9,1,0.5863693572572242
1.4667264E9,1,0.5897573552281978
1.4668128E9,1,0.5931453531991715
1.4668992E9,1,0.5965333511701453
1.4669856E9,1,0.5999213491411189
1.467072E9,1,0.6033093471120926
1.4671584E9,1,0.6066973450830663
1.4672448E9,1,0.61008534305404
1.4673312E9,1,0.6134733410250137
1.4674176E9,1,0.6168613389959874
1.467504E9,1,0.620249336966961
1.4675904E9,1,0.6236373349379348
1.4676768E9,1,0.6270253329089085
1.4677632E9,1,0.6304133308798822
1.4678496E9,1,0.6338013288508559
1.467936E9,1,0.6371893268218296
1.4680224E9,1,0.6405773247928033
1.4681088E9,1,0.6439653227637769
1.4681952E9,1,0.6473533207347507
1.4682816E9,1,0.6507413187057244
1.468368E9,1,0.654129316676698
1.4684544E9,1,0.6575173146476718
1.4685408E9,1,0.6609053126186455
1.4686272E9,1,0.6642933105896192
1.4687136E9,1,0.6676813085605928
1.4688E9,1,0.6710693065315666
1.4688864E9,1,0.6744573045025403
1.4689728E9,1,0.6778453024735139
1.4690592E9,1,0.6812333004444876
1.4691456E9,1,0.6846212984154614
1.469232E9,1,0.688009296386435
1.4693184E9,1,0.6913972943574087
1.4694048E9,1,0.6947852923283825
1.4694912E9,1,0.6981732902993562
1.4695776E9,1,0.7015612882703298
1.469664E9,1,0.7049492862413035
1.4697504E9,1,0.7083372842122773
1.4698368E9,1,0.7117252821832509
1.4699232E9,1,0.7151132801542246
1.4700096E9,1,0.7185012781251984
1.470096E9,1,0.721889276096172
1.4701824E9,1,0.7252772740671457
1.4702688E9,1,0.7286652720381194
1.4703552E9,1,0.7320532700090931
1.4704416E9,1,0.7354412679800668
1.470528E9,1,0.7388292659510405
1.4706144E9,1,0.7422172639220141
1.4707008E9,1,0.7456052618929879
1.4707872E9,1,0.7489932598639616
1.4708736E9,1,0.7523812578349353
1.47096E9,1,0.755769255805909
1.4710464E9,1,0.7591572537768827
1.4711328E9,1,0.7625452517478564
1.4712192E9,1,0.76593324971883
1.4713056E9,1,0.7693212476898038
1.471392E9,1,0.7727092456607775
1.4714784E9,1,0.7760972436317511
1.4715648E9,1,0.7794852416027248
1.4716512E9,1,0.7828732395736986
1.4717376E9,1,0.7862612375446723
1.471824E9,1,0.7896492355156459
1.4719104E9,1,0.7930372334866197
1.4719968E9,1,0.7964252314575934
1.4720832E9,1,0.799813229428567
1.4721696E9,1,0.8032012273995407
1.472256E9,1,0.8065892253705145
1.4723424E9,1,0.8099772233414881
1.4724288E9,1,0.8133652213124618
1.4725152E9,1,0.8167532192834356
1.4726016E9,1,0.8201412172544092
1.472688E9,1,0.8235292152253829
1.4727744E9,1,0.8269172131963566
1.4728608E9,1,0.8303052111673304
1.4729472E9,1,0.833693209138304
1.4730336E9,1,0.8370812071092777
1.47312E9,1,0.8404692050802514
1.4732064E9,1,0.8438572030512251
1.4732928E9,1,0.8472452010221988
1.4733792E9,1,0.8506331989931725
1.4734656E9,1,0.8540211969641462
1.473552E9,1,0.8574091949351199
1.4736384E9,1,0.8607971929060936
1.4737248E9,1,0.8641851908770672
1.4738112E9,1,0.867573188848041
1.4738976E9,1,0.8709611868190147
1.473984E9,1,0.8743491847899884
1.4740704E9,1,0.8777371827609621
1.4741568E9,1,0.8811251807319358
1.4742432E9,1,0.8845131787029095
1.4743296E9,1,0.8879011766738831
1.474416E9,1,0.8912891746448569
1.4745024E9,1,0.8946771726158306
1.4745888E9,1,0.8980651705868042
1.4746752E9,1,0.9014531685577779
1.4747616E9,1,0.9048411665287517
1.474848E9,1,0.9082291644997253
1.4749344E9,1,0.911617162470699
1.4750208E9,1,0.9150051604416728
1.4751072E9,1,0.9183931584126465
1.4751936E9,1,0.9217811563836201
1.47528E9,1,0.9251691543545938
1.4753664E9,1,0.9285571523255676
1.4754528E9,1,0.9319451502965412
1.4755392E9,1,0.9353331482675149
1.4756256E9,1,0.9387211462384886
1.475712E9,1,0.9421091442094623
1.4757984E9,1,0.945497142180436
1.4758848E9,1,0.9488851401514097
1.4759712E9,1,0.9522731381223835
1.4760576E9,1,0.9556611360933571
1.476144E9,1,0.9590491340643308
1.4762304E9,1,0.9624371320353045
1.4763168E9,1,0.9658251300062782
1.4764032E9,1,0.9692131279772519
1.4764896E9,1,0.9726011259482256
1.476576E9,1,0.9759891239191993
1.4766624E9,1,0.979377121890173
1.4767488E9,1,0.9827651198611467
1.4768352E9,1,0.9861531178321203
1.4769216E9,1,0.9895411158030941
1.477008E9,1,0.9929291137740678
1.4770944E9,1,0.9963171117450415
1.4771808E9,1,0.9997051097160151
1.4772672E9,1,1.003093107686989
1.4773536E9,1,1.0064811056579626
1.47744E9,1,1.0098691036289362
1.4775264E9,1,1.01325710159991
1.4776128E9,1,1.0166450995708836
1.4776992E9,1,1.0200330975418574
1.4777856E9,1,1.0234210955128311
1.477872E9,1,1.0268090934838048
1.4779584E9,1,1.0301970914547784
1.4780448E9,1,1.0335850894257521
1.4781312E9,1,1.0369730873967258
1.4782176E9,1,1.0403610853676994
1.478304E9,1,1.0437490833386733
1.4783904E9,1,1.047137081309647
1.4784768E9,1,1.0505250792806207
1.4785632E9,1,1.0539130772515943
1.4786496E9,1,1.057301075222568
1.478736E9,1,1.0606890731935417
1.4788224E9,1,1.0640770711645153
1.4789088E9,1,1.0674650691354892
1.4789952E9,1,1.0708530671064629
1.4790816E9,1,1.0742410650774366
1.479168E9,1,1.0776290630484102
1.4792544E9,1,1.0810170610193839
1.4793408E9,1,1.0844050589903576
1.4794272E9,1,1.0877930569613312
1.4795136E9,1,1.0911810549323049
1.4796E9,1,1.0945690529032788
1.4796864E9,1,1.0979570508742524
1.4797728E9,1,1.101345048845226
1.4798592E9,1,1.1047330468161998
1.4799456E9,1,1.1081210447871734
1.480032E9,1,1.111509042758147
1.4801184E9,1,1.1148970407291208
1.4802048E9,1,1.1182850387000947
1.4802912E9,1,1.1216730366710683
1.4803776E9,1,1.125061034642042
1.480464E9,1,1.1284490326130157
1.4805504E9,1,1.1318370305839893
1.4806368E9,1,1.135225028554963
1.4807232E9,1,1.1386130265259367
1.4808096E9,1,1.1420010244969105
1.480896E9,1,1.1453890224678842
1.4809824E9,1,1.1487770204388579
1.4810688E9,1,1.1521650184098315
1.4811552E9,1,1.1555530163808052
1.4812416E9,1,1.1589410143517789
1.481328E9,1,1.1623290123227525
1.4814144E9,1,1.1657170102937264
1.4815008E9,1,1.1691050082647
1.4815872E9,1,1.1724930062356738
1.4816736E9,1,1.1758810042066474
1.48176E9,1,1.179269002177621
1.4818464E9,1,1.1826570001485948
1.4819328E9,1,1.1860449981195684
1.4820192E9,1,1.189432996090542
1.4821056E9,1,1.192820994061516
1.482192E9,1,1.1962089920324896
1.4822784E9,1,1.1995969900034633
1.4823648E9,1,1.202984987974437
1.4824512E9,1,1.2063729859454106
1.4825376E9,1,1.2097609839163843
1.482624E9,1,1.213148981887358
1.4827104E9,1,1.2165369798583319
1.4827968E9,1,1.2199249778293055
1.4828832E9,1,1.2233129758002792
1.4829696E9,1,1.2267009737712529
1.483056E9,1,1.2300889717422265
1.4831424E9,1,1.2334769697132002
1.4832288E9,1,1.2368649676841739
1.4833152E9,1,1.2402529656551478
1.4834016E9,1,1.2436409636261214
1.483488E9,1,1.247028961597095
1.4835744E9,1,1.234
1.4836608E9,1,1.234
1.4837472E9,1,1.234
1.4838336E9,1,1.234
1.48392E9,1,1.234
1.4840064E9,1,1.2392982303232407
1.4840928E9,1,1.234
1.4841792E9,1,1.214
1.4842656E9,1,1.229
1.484352E9,1,1.244
1.4844384E9,1,1.214
1.4845248E9,1,1.214
1.4846112E9,1,1.209
1.4846976E9,1,1.2458328327595047
1.484784E9,1,1.2371505339888116
1.4848704E9,1,1.2308904481952083
1.4849568E9,1,1.2182358096621388
1.4850432E9,1,1.189
1.4851296E9,1,1.189
1.485216E9,1,1.169
1.4853024E9,1,1.194
1.4853888E9,1,1.199
1.4854752E9,1,1.179
1.4855616E9,1,1.189
1.485648E9,1,1.189
1.4857344E9,1,1.169
1.4858208E9,1,1.174
1.4543712E9,2,1.1070643786675205
1.4544576E9,2,1.1074848267744068
1.454544E9,2,1.107905274881293
1.4546304E9,2,1.1083257229881793
1.4547168E9,2,1.1087461710950655
1.4548032E9,2,1.1091666192019518
1.4548896E9,2,1.109587067308838
1.454976E9,2,1.1100075154157243
1.4550624E9,2,1.1104279635226104
1.4551488E9,2,1.1108484116294968
1.4552352E9,2,1.1112688597363831
1.4553216E9,2,1.1116893078432692
1.455408E9,2,1.1121097559501556
1.4554944E9,2,1.1125302040570417
1.4555808E9,2,1.112950652163928
1.4556672E9,2,1.1133711002708142
1.4557536E9,2,1.1137915483777006
1.45584E9,2,1.1142119964845867
1.4559264E9,2,1.114632444591473
1.4560128E9,2,1.1150528926983592
1.4560992E9,2,1.1154733408052455
1.4561856E9,2,1.1158937889121316
1.456272E9,2,1.116314237019018
1.4563584E9,2,1.1167346851259041
1.4564448E9,2,1.1171551332327905
1.4565312E9,2,1.1175755813396768
1.4566176E9,2,1.117996029446563
1.456704E9,2,1.1184164775534493
1.4567904E9,2,1.1188369256603354
1.4568768E9,2,1.1192573737672218
1.4569632E9,2,1.119677821874108
1.4570496E9,2,1.1200982699809943
1.457136E9,2,1.1205187180878804
1.4572224E9,2,1.1209391661947667
1.4573088E9,2,1.1213596143016529
1.4573952E9,2,1.1217800624085392
1.4574816E9,2,1.1222005105154254
1.457568E9,2,1.1226209586223117
1.4576544E9,2,1.123041406729198
1.4577408E9,2,1.1234618548360842
1.4578272E9,2,1.1238823029429705
1.4579136E9,2,1.1243027510498567
1.458E9,2,1.124723199156743
1.4580864E9,2,1.1251436472636291
1.4581728E9,2,1.1255640953705155
1.4582592E9,2,1.1259845434774016
1.4583456E9,2,1.126404991584288
1.458432E9,2,1.126825439691174
1.4585184E9,2,1.1272458877980605
1.4586048E9,2,1.1276663359049466
1.4586912E9,2,1.128086784011833
1.4587776E9,2,1.128507232118719
1.458864E9,2,1.1289276802256054
1.4589504E9,2,1.1293481283324918
1.4590368E9,2,1.129768576439378
1.4591232E9,2,1.1301890245462642
1.4592096E9,2,1.1306094726531504
1.459296E9,2,1.1310299207600367
1.4593824E9,2,1.1314503688669229
1.4594688E9,2,1.1318708169738092
1.4595552E9,2,1.1322912650806953
1.4596416E9,2,1.1327117131875817
1.459728E9,2,1.1331321612944678
1.4598144E9,2,1.1335526094013542
1.4599008E9,2,1.1339730575082403
1.4599872E9,2,1.1343935056151266
1.4600736E9,2,1.1348139537220128
1.46016E9,2,1.1352344018288991
1.4602464E9,2,1.1356548499357855
1.4603328E9,2,1.1360752980426716
1.4604192E9,2,1.136495746149558
1.4605056E9,2,1.136916194256444
1.460592E9,2,1.1373366423633304
1.4606784E9,2,1.1377570904702166
1.4607648E9,2,1.138177538577103
1.4608512E9,2,1.138597986683989
1.4609376E9,2,1.1390184347908754
1.461024E9,2,1.1394388828977615
1.4611104E9,2,1.1398593310046479
1.4611968E9,2,1.140279779111534
1.4612832E9,2,1.1407002272184203
1.4613696E9,2,1.1411206753253067
1.461456E9,2,1.1415411234321928
1.4615424E9,2,1.1419615715390792
1.4616288E9,2,1.1423820196459653
1.4617152E9,2,1.1428024677528517
1.4618016E9,2,1.1432229158597378
1.461888E9,2,1.1436433639666241
1.4619744E9,2,1.1440638120735103
1.4620608E9,2,1.1444842601803966
1.4621472E9,2,1.1449047082872827
1.4622336E9,2,1.145325156394169
1.46232E9,2,1.1457456045010552
1.4624064E9,2,1.1461660526079416
1.4624928E9,2,1.1465865007148277
1.4625792E9,2,1.147006948821714
1.4626656E9,2,1.1474273969286002
1.462752E9,2,1.1478478450354865
1.4628384E9,2,1.1482682931423729
1.4629248E9,2,1.148688741249259
1.4630112E9,2,1.1491091893561454
1.4630976E9,2,1.1495296374630315
1.463184E9,2,1.1499500855699178
1.4632704E9,2,1.150370533676804
1.4633568E9,2,1.1507909817836903
1.4634432E9,2,1.1512114298905765
1.4635296E9,2,1.1516318779974628
1.463616E9,2,1.152052326104349
1.4637024E9,2,1.1524727742112353
1.4637888E9,2,1.1528932223181214
1.4638752E9,2,1.1533136704250078
1.4639616E9,2,1.1537341185318941
1.464048E9,2,1.1541545666387802
1.4641344E9,2,1.1545750147456666
1.4642208E9,2,1.1549954628525527
1.4643072E9,2,1.155415910959439
1.4643936E9,2,1.1558363590663252
1.46448E9,2,1.1562568071732116
1.4645664E9,2,1.1566772552800977
1.4646528E9,2,1.157097703386984
1.4647392E9,2,1.1575181514938702
1.4648256E9,2,1.1579385996007565
1.464912E9,2,1.1583590477076426
1.4649984E9,2,1.158779495814529
1.4650848E9,2,1.1591999439214153
1.4651712E9,2,1.1596203920283015
1.4652576E9,2,1.1600408401351878
1.465344E9,2,1.160461288242074
1.4654304E9,2,1.1608817363489603
1.4655168E9,2,1.1613021844558464
1.4656032E9,2,1.1617226325627328
1.4656896E9,2,1.162143080669619
1.465776E9,2,1.1625635287765053
1.4658624E9,2,1.1629839768833914
1.4659488E9,2,1.1634044249902777
1.4660352E9,2,1.1638248730971639
1.4661216E9,2,1.1642453212040502
1.466208E9,2,1.1646657693109363
1.4662944E9,2,1.1650862174178227
1.4663808E9,2,1.1655066655247088
1.4664672E9,2,1.1659271136315952
1.4665536E9,2,1.1663475617384815
1.46664E9,2,1.1667680098453677
1.4667264E9,2,1.167188457952254
1.4668128E9,2,1.1676089060591401
1.4668992E9,2,1.1680293541660265
1.4669856E9,2,1.1684498022729126
1.467072E9,2,1.168870250379799
1.4671584E9,2,1.169290698486685
1.4672448E9,2,1.1697111465935714
1.4673312E9,2,1.1701315947004576
1.4674176E9,2,1.170552042807344
1.467504E9,2,1.17097249091423
1.4675904E9,2,1.1713929390211164
1.4676768E9,2,1.1718133871280028
1.4677632E9,2,1.1722338352348889
1.4678496E9,2,1.1726542833417752
1.467936E9,2,1.1730747314486614
1.4680224E9,2,1.1734951795555477
1.4681088E9,2,1.1739156276624338
1.4681952E9,2,1.1743360757693202
1.4682816E9,2,1.1747565238762063
1.468368E9,2,1.1751769719830927
1.4684544E9,2,1.1755974200899788
1.4685408E9,2,1.1760178681968652
1.4686272E9,2,1.1764383163037513
1.4687136E9,2,1.1768587644106376
1.4688E9,2,1.1772792125175238
1.4688864E9,2,1.1776996606244101
1.4689728E9,2,1.1781201087312962
1.4690592E9,2,1.1785405568381826
1.4691456E9,2,1.178961004945069
1.469232E9,2,1.179381453051955
1.4693184E9,2,1.1798019011588414
1.4694048E9,2,1.1802223492657276
1.4694912E9,2,1.180642797372614
1.4695776E9,2,1.1810632454795
1.469664E9,2,1.1814836935863864
1.4697504E9,2,1.1819041416932725
1.4698368E9,2,1.1823245898001589
1.4699232E9,2,1.182745037907045
1.4700096E9,2,1.1831654860139313
1.470096E9,2,1.1835859341208175
1.4701824E9,2,1.1840063822277038
1.4702688E9,2,1.1844268303345902
1.4703552E9,2,1.1848472784414763
1.4704416E9,2,1.1852677265483627
1.470528E9,2,1.1856881746552488
1.4706144E9,2,1.1861086227621351
1.4707008E9,2,1.1865290708690213
1.4707872E9,2,1.1869495189759076
1.4708736E9,2,1.1873699670827937
1.47096E9,2,1.18779041518968
1.4710464E9,2,1.1882108632965662
1.4711328E9,2,1.1886313114034526
1.4712192E9,2,1.1890517595103387
1.4713056E9,2,1.189472207617225
1.471392E9,2,1.1898926557241114
1.4714784E9,2,1.1903131038309975
1.4715648E9,2,1.1907335519378839
1.4716512E9,2,1.19115400004477
1.4717376E9,2,1.1915744481516564
1.471824E9,2,1.1919948962585425
1.4719104E9,2,1.1924153443654288
1.4719968E9,2,1.192835792472315
1.4720832E9,2,1.1932562405792013
1.4721696E9,2,1.1936766886860875
1.472256E9,2,1.1940971367929738
1.4723424E9,2,1.19451758489986
1.4724288E9,2,1.1949380330067463
1.4725152E9,2,1.1953584811136324
1.4726016E9,2,1.1957789292205188
1.472688E9,2,1.196199377327405
1.4727744E9,2,1.1966198254342912
1.4728608E9,2,1.1970402735411776
1.4729472E9,2,1.1974607216480637
1.4730336E9,2,1.19788116975495
1.47312E9,2,1.1983016178618362
1.4732064E9,2,1.1987220659687225
1.4732928E9,2,1.1991425140756087
1.4733792E9,2,1.199562962182495
1.4734656E9,2,1.1999834102893812
1.473552E9,2,1.2004038583962675
1.4736384E9,2,1.2008243065031536
1.4737248E9,2,1.20124475461004
1.4738112E9,2,1.2016652027169261
1.4738976E9,2,1.2020856508238125
1.473984E9,2,1.2025060989306988
1.4740704E9,2,1.202926547037585
1.4741568E9,2,1.2033469951444713
1.4742432E9,2,1.2037674432513574
1.4743296E9,2,1.2041878913582438
1.474416E9,2,1.20460833946513
1.4745024E9,2,1.2050287875720163
1.4745888E9,2,1.2054492356789024
1.4746752E9,2,1.2058696837857887
1.4747616E9,2,1.2062901318926749
1.474848E9,2,1.2067105799995612
1.4749344E9,2,1.2071310281064473
1.4750208E9,2,1.2075514762133337
1.4751072E9,2,1.20797192432022
1.4751936E9,2,1.2083923724271062
1.47528E9,2,1.2088128205339925
1.4753664E9,2,1.2092332686408787
1.4754528E9,2,1.209653716747765
1.4755392E9,2,1.2100741648546511
1.4756256E9,2,1.2104946129615375
1.475712E9,2,1.2109150610684236
1.4757984E9,2,1.21133550917531
1.4758848E9,2,1.211755957282196
1.4759712E9,2,1.2121764053890824
1.4760576E9,2,1.2125968534959686
1.476144E9,2,1.213017301602855
1.4762304E9,2,1.213437749709741
1.4763168E9,2,1.2138581978166274
1.4764032E9,2,1.2142786459235135
1.4764896E9,2,1.2146990940303999
1.476576E9,2,1.2151195421372862
1.4766624E9,2,1.2155399902441724
1.4767488E9,2,1.2159604383510587
1.4768352E9,2,1.2163808864579448
1.4769216E9,2,1.2168013345648312
1.477008E9,2,1.2172217826717173
1.4770944E9,2,1.2176422307786037
1.4771808E9,2,1.2180626788854898
1.4772672E9,2,1.2184831269923762
1.4773536E9,2,1.2189035750992623
1.47744E9,2,1.2193240232061486
1.4775264E9,2,1.2197444713130348
1.4776128E9,2,1.2201649194199211
1.4776992E9,2,1.2205853675268075
1.4777856E9,2,1.2210058156336936
1.477872E9,2,1.22142626374058
1.4779584E9,2,1.221846711847466
1.4780448E9,2,1.2222671599543524
1.4781312E9,2,1.2226876080612386
1.4782176E9,2,1.223108056168125
1.478304E9,2,1.223528504275011
1.4783904E9,2,1.2239489523818974
1.4784768E9,2,1.2243694004887835
1.4785632E9,2,1.2247898485956699
1.4786496E9,2,1.225210296702556
1.478736E9,2,1.2256307448094423
1.4788224E9,2,1.2260511929163287
1.4789088E9,2,1.2264716410232148
1.4789952E9,2,1.226892089130101
1.4790816E9,2,1.2273125372369873
1.479168E9,2,1.2277329853438737
1.4792544E9,2,1.2281534334507598
1.4793408E9,2,1.2285738815576461
1.4794272E9,2,1.2289943296645323
1.4795136E9,2,1.2294147777714186
1.4796E9,2,1.2298352258783047
1.4796864E9,2,1.230255673985191
1.4797728E9,2,1.2306761220920772
1.4798592E9,2,1.2310965701989636
1.4799456E9,2,1.2315170183058497
1.480032E9,2,1.231937466412736
1.4801184E9,2,1.2323579145196222
1.4802048E9,2,1.2327783626265085
1.4802912E9,2,1.2331988107333949
1.4803776E9,2,1.233619258840281
1.480464E9,2,1.2340397069471674
1.4805504E9,2,1.2344601550540535
1.4806368E9,2,1.2348806031609398
1.4807232E9,2,1.235301051267826
1.4808096E9,2,1.2357214993747123
1.480896E9,2,1.2361419474815984
1.4809824E9,2,1.2365623955884848
1.4810688E9,2,1.236982843695371
1.4811552E9,2,1.2374032918022573
1.4812416E9,2,1.2378237399091434
1.481328E9,2,1.2382441880160298
1.4814144E9,2,1.238664636122916
1.4815008E9,2,1.2390850842298022
1.4815872E9,2,1.2395055323366886
1.4816736E9,2,1.2399259804435747
1.48176E9,2,1.240346428550461
1.4818464E9,2,1.2407668766573472
1.4819328E9,2,1.2411873247642335
1.4820192E9,2,1.2416077728711197
1.4821056E9,2,1.242028220978006
1.482192E9,2,1.2424486690848922
1.4822784E9,2,1.2428691171917785
1.4823648E9,2,1.2432895652986646
1.4824512E9,2,1.243710013405551
1.4825376E9,2,1.2441304615124373
1.482624E9,2,1.2445509096193235
1.4827104E9,2,1.2449713577262096
1.4827968E9,2,1.245391805833096
1.4828832E9,2,1.2458122539399823
1.4829696E9,2,1.2462327020468684
1.483056E9,2,1.2466531501537548
1.4831424E9,2,1.247073598260641
1.4832288E9,2,1.2474940463675273
1.4833152E9,2,1.2479144944744134
1.4834016E9,2,1.2483349425812997
1.483488E9,2,1.2487553906881859
1.4835744E9,2,1.244
1.4836608E9,2,1.244
1.4837472E9,2,1.244
1.4838336E9,2,1.244
1.48392E9,2,1.2338567180925666
1.4840064E9,2,1.244
1.4840928E9,2,1.244
1.4841792E9,2,1.224
1.4842656E9,2,1.2445717069415543
1.484352E9,2,1.244
1.4844384E9,2,1.224
1.4845248E9,2,1.2147255678266307
1.4846112E9,2,1.219
1.4846976E9,2,1.2462236847275157
1.484784E9,2,1.2259411422664428
1.4848704E9,2,1.229
1.4849568E9,2,1.214
1.4850432E9,2,1.199
1.4851296E9,2,1.199
1.485216E9,2,1.179
1.4853024E9,2,1.218011799792531
1.4853888E9,2,1.199
1.4854752E9,2,1.189
1.4855616E9,2,1.1956884131076486
1.485648E9,2,1.1827750625864066
1.4857344E9,2,1.179
1.4858208E9,2,1.184
1.4543712E9,3,1.107064396902222
1.4544576E9,3,1.1074848449695078
1.454544E9,3,1.1079052930367936
1.4546304E9,3,1.1083257411040794
1.4547168E9,3,1.1087461891713652
1.4548032E9,3,1.1091666372386508
1.4548896E9,3,1.1095870853059366
1.454976E9,3,1.1100075333732224
1.4550624E9,3,1.1104279814405082
1.4551488E9,3,1.1108484295077938
1.4552352E9,3,1.1112688775750796
1.4553216E9,3,1.1116893256423654
1.455408E9,3,1.1121097737096513
1.4554944E9,3,1.1125302217769368
1.4555808E9,3,1.1129506698442226
1.4556672E9,3,1.1133711179115084
1.4557536E9,3,1.1137915659787943
1.45584E9,3,1.11421201404608
1.4559264E9,3,1.1146324621133656
1.4560128E9,3,1.1150529101806514
1.4560992E9,3,1.1154733582479373
1.4561856E9,3,1.115893806315223
1.456272E9,3,1.1163142543825086
1.4563584E9,3,1.1167347024497944
1.4564448E9,3,1.1171551505170803
1.4565312E9,3,1.117575598584366
1.4566176E9,3,1.1179960466516519
1.456704E9,3,1.1184164947189374
1.4567904E9,3,1.1188369427862233
1.4568768E9,3,1.119257390853509
1.4569632E9,3,1.1196778389207949
1.4570496E9,3,1.1200982869880804
1.457136E9,3,1.1205187350553663
1.4572224E9,3,1.120939183122652
1.4573088E9,3,1.1213596311899379
1.4573952E9,3,1.1217800792572237
1.4574816E9,3,1.1222005273245093
1.457568E9,3,1.122620975391795
1.4576544E9,3,1.1230414234590809
1.4577408E9,3,1.1234618715263667
1.4578272E9,3,1.1238823195936523
1.4579136E9,3,1.124302767660938
1.458E9,3,1.1247232157282239
1.4580864E9,3,1.1251436637955097
1.4581728E9,3,1.1255641118627955
1.4582592E9,3,1.125984559930081
1.4583456E9,3,1.1264050079973669
1.458432E9,3,1.1268254560646527
1.4585184E9,3,1.1272459041319385
1.4586048E9,3,1.127666352199224
1.4586912E9,3,1.1280868002665099
1.4587776E9,3,1.1285072483337957
1.458864E9,3,1.1289276964010815
1.4589504E9,3,1.1293481444683673
1.4590368E9,3,1.1297685925356529
1.4591232E9,3,1.1301890406029387
1.4592096E9,3,1.1306094886702245
1.459296E9,3,1.1310299367375103
1.4593824E9,3,1.1314503848047959
1.4594688E9,3,1.1318708328720817
1.4595552E9,3,1.1322912809393675
1.4596416E9,3,1.1327117290066533
1.459728E9,3,1.1331321770739389
1.4598144E9,3,1.1335526251412247
1.4599008E9,3,1.1339730732085105
1.4599872E9,3,1.1343935212757963
1.4600736E9,3,1.134813969343082
1.46016E9,3,1.1352344174103677
1.4602464E9,3,1.1356548654776535
1.4603328E9,3,1.1360753135449393
1.4604192E9,3,1.136495761612225
1.4605056E9,3,1.136916209679511
1.460592E9,3,1.1373366577467965
1.4606784E9,3,1.1377571058140823
1.4607648E9,3,1.138177553881368
1.4608512E9,3,1.138598001948654
1.4609376E9,3,1.1390184500159395
1.461024E9,3,1.1394388980832253
1.4611104E9,3,1.139859346150511
1.4611968E9,3,1.140279794217797
1.4612832E9,3,1.1407002422850825
1.4613696E9,3,1.1411206903523683
1.461456E9,3,1.141541138419654
1.4615424E9,3,1.14196158648694
1.4616288E9,3,1.1423820345542257
1.4617152E9,3,1.1428024826215113
1.4618016E9,3,1.143222930688797
1.461888E9,3,1.143643378756083
1.4619744E9,3,1.1440638268233687
1.4620608E9,3,1.1444842748906543
1.4621472E9,3,1.14490472295794
1.4622336E9,3,1.145325171025226
1.46232E9,3,1.1457456190925117
1.4624064E9,3,1.1461660671597975
1.4624928E9,3,1.146586515227083
1.4625792E9,3,1.147006963294369
1.4626656E9,3,1.1474274113616547
1.462752E9,3,1.1478478594289405
1.4628384E9,3,1.148268307496226
1.4629248E9,3,1.148688755563512
1.4630112E9,3,1.1491092036307977
1.4630976E9,3,1.1495296516980835
1.463184E9,3,1.1499500997653693
1.4632704E9,3,1.150370547832655
1.4633568E9,3,1.1507909958999407
1.4634432E9,3,1.1512114439672265
1.4635296E9,3,1.1516318920345123
1.463616E9,3,1.152052340101798
1.4637024E9,3,1.1524727881690837
1.4637888E9,3,1.1528932362363695
1.4638752E9,3,1.1533136843036553
1.4639616E9,3,1.1537341323709411
1.464048E9,3,1.1541545804382267
1.4641344E9,3,1.1545750285055125
1.4642208E9,3,1.1549954765727983
1.4643072E9,3,1.1554159246400841
1.4643936E9,3,1.1558363727073697
1.46448E9,3,1.1562568207746555
1.4645664E9,3,1.1566772688419413
1.4646528E9,3,1.1570977169092271
1.4647392E9,3,1.157518164976513
1.4648256E9,3,1.1579386130437985
1.464912E9,3,1.1583590611110843
1.4649984E9,3,1.1587795091783701
1.4650848E9,3,1.159199957245656
1.4651712E9,3,1.1596204053129415
1.4652576E9,3,1.1600408533802273
1.465344E9,3,1.1604613014475131
1.4654304E9,3,1.160881749514799
1.4655168E9,3,1.1613021975820845
1.4656032E9,3,1.1617226456493703
1.4656896E9,3,1.1621430937166561
1.465776E9,3,1.162563541783942
1.4658624E9,3,1.1629839898512278
1.4659488E9,3,1.1634044379185133
1.4660352E9,3,1.1638248859857991
1.4661216E9,3,1.164245334053085
1.466208E9,3,1.1646657821203708
1.4662944E9,3,1.1650862301876566
1.4663808E9,3,1.1655066782549421
1.4664672E9,3,1.165927126322228
1.4665536E9,3,1.1663475743895138
1.46664E9,3,1.1667680224567996
1.4667264E9,3,1.1671884705240851
1.4668128E9,3,1.167608918591371
1.4668992E9,3,1.1680293666586568
1.4669856E9,3,1.1684498147259426
1.467072E9,3,1.1688702627932281
1.4671584E9,3,1.169290710860514
1.4672448E9,3,1.1697111589277998
1.4673312E9,3,1.1701316069950856
1.4674176E9,3,1.1705520550623714
1.467504E9,3,1.170972503129657
1.4675904E9,3,1.1713929511969428
1.4676768E9,3,1.1718133992642286
1.4677632E9,3,1.1722338473315144
1.4678496E9,3,1.1726542953988
1.467936E9,3,1.1730747434660858
1.4680224E9,3,1.1734951915333716
1.4681088E9,3,1.1739156396006574
1.4681952E9,3,1.1743360876679432
1.4682816E9,3,1.1747565357352288
1.468368E9,3,1.1751769838025146
1.4684544E9,3,1.1755974318698004
1.4685408E9,3,1.1760178799370862
1.4686272E9,3,1.1764383280043718
1.4687136E9,3,1.1768587760716576
1.4688E9,3,1.1772792241389434
1.4688864E9,3,1.1776996722062292
1.4689728E9,3,1.178120120273515
1.4690592E9,3,1.1785405683408006
1.4691456E9,3,1.1789610164080864
1.469232E9,3,1.1793814644753722
1.4693184E9,3,1.179801912542658
1.4694048E9,3,1.1802223606099436
1.4694912E9,3,1.1806428086772294
1.4695776E9,3,1.1810632567445152
1.469664E9,3,1.181483704811801
1.4697504E9,3,1.1819041528790868
1.4698368E9,3,1.1823246009463724
1.4699232E9,3,1.1827450490136582
1.4700096E9,3,1.183165497080944
1.470096E9,3,1.1835859451482298
1.4701824E9,3,1.1840063932155154
1.4702688E9,3,1.1844268412828012
1.4703552E9,3,1.184847289350087
1.4704416E9,3,1.1852677374173728
1.470528E9,3,1.1856881854846586
1.4706144E9,3,1.1861086335519442
1.4707008E9,3,1.18652908161923
1.4707872E9,3,1.1869495296865158
1.4708736E9,3,1.1873699777538016
1.47096E9,3,1.1877904258210872
1.4710464E9,3,1.188210873888373
1.4711328E9,3,1.1886313219556588
1.4712192E9,3,1.1890517700229446
1.4713056E9,3,1.1894722180902302
1.471392E9,3,1.189892666157516
1.4714784E9,3,1.1903131142248018
1.4715648E9,3,1.1907335622920876
1.4716512E9,3,1.1911540103593734
1.4717376E9,3,1.191574458426659
1.471824E9,3,1.1919949064939448
1.4719104E9,3,1.1924153545612306
1.4719968E9,3,1.1928358026285164
1.4720832E9,3,1.1932562506958022
1.4721696E9,3,1.1936766987630878
1.472256E9,3,1.1940971468303736
1.4723424E9,3,1.1945175948976594
1.4724288E9,3,1.1949380429649452
1.4725152E9,3,1.1953584910322308
1.4726016E9,3,1.1957789390995166
1.472688E9,3,1.1961993871668024
1.4727744E9,3,1.1966198352340882
1.4728608E9,3,1.1970402833013738
1.4729472E9,3,1.1974607313686596
1.4730336E9,3,1.1978811794359454
1.47312E9,3,1.1983016275032312
1.4732064E9,3,1.198722075570517
1.4732928E9,3,1.1991425236378026
1.4733792E9,3,1.1995629717050884
1.4734656E9,3,1.1999834197723742
1.473552E9,3,1.20040386783966
1.4736384E9,3,1.2008243159069456
1.4737248E9,3,1.2012447639742314
1.4738112E9,3,1.2016652120415172
1.4738976E9,3,1.202085660108803
1.473984E9,3,1.2025061081760888
1.4740704E9,3,1.2029265562433744
1.4741568E9,3,1.2033470043106602
1.4742432E9,3,1.203767452377946
1.4743296E9,3,1.2041879004452318
1.474416E9,3,1.2046083485125174
1.4745024E9,3,1.2050287965798032
1.4745888E9,3,1.205449244647089
1.4746752E9,3,1.2058696927143748
1.4747616E9,3,1.2062901407816606
1.474848E9,3,1.2067105888489462
1.4749344E9,3,1.207131036916232
1.4750208E9,3,1.2075514849835178
1.4751072E9,3,1.2079719330508036
1.4751936E9,3,1.2083923811180892
1.47528E9,3,1.208812829185375
1.4753664E9,3,1.2092332772526608
1.4754528E9,3,1.2096537253199466
1.4755392E9,3,1.2100741733872322
1.4756256E9,3,1.210494621454518
1.475712E9,3,1.2109150695218038
1.4757984E9,3,1.2113355175890896
1.4758848E9,3,1.2117559656563754
1.4759712E9,3,1.212176413723661
1.4760576E9,3,1.2125968617909468
1.476144E9,3,1.2130173098582326
1.4762304E9,3,1.2134377579255184
1.4763168E9,3,1.2138582059928043
1.4764032E9,3,1.2142786540600898
1.4764896E9,3,1.2146991021273756
1.476576E9,3,1.2151195501946614
1.4766624E9,3,1.2155399982619473
1.4767488E9,3,1.2159604463292328
1.4768352E9,3,1.2163808943965186
1.4769216E9,3,1.2168013424638044
1.477008E9,3,1.2172217905310903
1.4770944E9,3,1.2176422385983758
1.4771808E9,3,1.2180626866656616
1.4772672E9,3,1.2184831347329474
1.4773536E9,3,1.2189035828002333
1.47744E9,3,1.219324030867519
1.4775264E9,3,1.2197444789348046
1.4776128E9,3,1.2201649270020904
1.4776992E9,3,1.2205853750693763
1.4777856E9,3,1.221005823136662
1.477872E9,3,1.2214262712039479
1.4779584E9,3,1.2218467192712335
1.4780448E9,3,1.2222671673385193
1.4781312E9,3,1.222687615405805
1.4782176E9,3,1.2231080634730909
1.478304E9,3,1.2235285115403765
1.4783904E9,3,1.2239489596076623
1.4784768E9,3,1.224369407674948
1.4785632E9,3,1.2247898557422339
1.4786496E9,3,1.2252103038095195
1.478736E9,3,1.2256307518768053
1.4788224E9,3,1.226051199944091
1.4789088E9,3,1.2264716480113769
1.4789952E9,3,1.2268920960786627
1.4790816E9,3,1.2273125441459483
1.479168E9,3,1.227732992213234
1.4792544E9,3,1.2281534402805199
1.4793408E9,3,1.2285738883478057
1.4794272E9,3,1.2289943364150915
1.4795136E9,3,1.229414784482377
1.4796E9,3,1.2298352325496629
1.4796864E9,3,1.2302556806169487
1.4797728E9,3,1.2306761286842343
1.4798592E9,3,1.23109657675152
1.4799456E9,3,1.2315170248188059
1.480032E9,3,1.2319374728860917
1.4801184E9,3,1.2323579209533775
1.4802048E9,3,1.232778369020663
1.4802912E9,3,1.2331988170879489
1.4803776E9,3,1.2336192651552347
1.480464E9,3,1.2340397132225205
1.4805504E9,3,1.2344601612898063
1.4806368E9,3,1.2348806093570919
1.4807232E9,3,1.2353010574243777
1.4808096E9,3,1.2357215054916635
1.480896E9,3,1.2361419535589493
1.4809824E9,3,1.2365624016262349
1.4810688E9,3,1.2369828496935207
1.4811552E9,3,1.2374032977608065
1.4812416E9,3,1.2378237458280923
1.481328E9,3,1.2382441938953779
1.4814144E9,3,1.2386646419626637
1.4815008E9,3,1.2390850900299495
1.4815872E9,3,1.2395055380972353
1.4816736E9,3,1.239925986164521
1.48176E9,3,1.2403464342318067
1.4818464E9,3,1.2407668822990925
1.4819328E9,3,1.2411873303663783
1.4820192E9,3,1.241607778433664
1.4821056E9,3,1.24202822650095
1.482192E9,3,1.2424486745682355
1.4822784E9,3,1.2428691226355213
1.4823648E9,3,1.243289570702807
1.4824512E9,3,1.243710018770093
1.4825376E9,3,1.2441304668373785
1.482624E9,3,1.2445509149046643
1.4827104E9,3,1.24497136297195
1.4827968E9,3,1.245391811039236
1.4828832E9,3,1.2458122591065215
1.4829696E9,3,1.2462327071738073
1.483056E9,3,1.246653155241093
1.4831424E9,3,1.247073603308379
1.4832288E9,3,1.2474940513756647
1.4833152E9,3,1.2479144994429503
1.4834016E9,3,1.248334947510236
1.483488E9,3,1.248755395577522
1.4835744E9,3,1.244
1.4836608E9,3,1.244
1.4837472E9,3,1.244
1.4838336E9,3,1.244
1.48392E9,3,1.244
1.4840064E9,3,1.244
1.4840928E9,3,1.244
1.4841792E9,3,1.224
1.4842656E9,3,1.234
1.484352E9,3,1.244
1.4844384E9,3,1.224
1.4845248E9,3,1.219416643695904
1.4846112E9,3,1.219
1.4846976E9,3,1.229
1.484784E9,3,1.2414877033673855
1.4848704E9,3,1.224
1.4849568E9,3,1.214
1.4850432E9,3,1.199
1.4851296E9,3,1.184
1.485216E9,3,1.179
1.4853024E9,3,1.204
1.4853888E9,3,1.189
1.4854752E9,3,1.189
1.4855616E9,3,1.199
1.485648E9,3,1.179
1.4857344E9,3,1.179
1.4858208E9,3,1.179
1.4543712E9,4,0.10443060054483075
1.4544576E9,4,0.10779147325355388
1.454544E9,4,0.11115234596227702
1.4546304E9,4,0.11451321867100017
1.4547168E9,4,0.11787409137972331
1.4548032E9,4,0.12123496408844645
1.4548896E9,4,0.1245958367971696
1.454976E9,4,0.12795670950589275
1.4550624E9,4,0.13131758221461587
1.4551488E9,4,0.13467845492333902
1.4552352E9,4,0.13803932763206217
1.4553216E9,4,0.1414002003407853
1.455408E9,4,0.14476107304950844
1.4554944E9,4,0.14812194575823157
1.4555808E9,4,0.15148281846695472
1.4556672E9,4,0.15484369117567787
1.4557536E9,4,0.158204563884401
1.45584E9,4,0.16156543659312414
1.4559264E9,4,0.1649263093018473
1.4560128E9,4,0.1682871820105704
1.4560992E9,4,0.17164805471929356
1.4561856E9,4,0.17500892742801671
1.456272E9,4,0.17836980013673984
1.4563584E9,4,0.181730672845463
1.4564448E9,4,0.18509154555418614
1.4565312E9,4,0.18845241826290926
1.4566176E9,4,0.1918132909716324
1.456704E9,4,0.19517416368035556
1.4567904E9,4,0.19853503638907868
1.4568768E9,4,0.20189590909780183
1.4569632E9,4,0.20525678180652498
1.4570496E9,4,0.2086176545152481
1.457136E9,4,0.21197852722397126
1.4572224E9,4,0.2153393999326944
1.4573088E9,4,0.21870027264141753
1.4573952E9,4,0.22206114535014068
1.4574816E9,4,0.22542201805886383
1.457568E9,4,0.22878289076758695
1.4576544E9,4,0.2321437634763101
1.4577408E9,4,0.23550463618503326
1.4578272E9,4,0.23886550889375638
1.4579136E9,4,0.24222638160247953
1.458E9,4,0.24558725431120268
1.4580864E9,4,0.2489481270199258
1.4581728E9,4,0.25230899972864895
1.4582592E9,4,0.2556698724373721
1.4583456E9,4,0.25903074514609525
1.458432E9,4,0.26239161785481835
1.4585184E9,4,0.2657524905635415
1.4586048E9,4,0.26911336327226465
1.4586912E9,4,0.2724742359809878
1.4587776E9,4,0.27583510868971095
1.458864E9,4,0.2791959813984341
1.4589504E9,4,0.2825568541071572
1.4590368E9,4,0.28591772681588035
1.4591232E9,4,0.2892785995246035
1.4592096E9,4,0.29263947223332665
1.459296E9,4,0.2960003449420498
1.4593824E9,4,0.29936121765077295
1.4594688E9,4,0.30272209035949604
1.4595552E9,4,0.3060829630682192
1.4596416E9,4,0.30944383577694234
1.459728E9,4,0.3128047084856655
1.4598144E9,4,0.31616558119438865
1.4599008E9,4,0.3195264539031118
1.4599872E9,4,0.3228873266118349
1.4600736E9,4,0.32624819932055804
1.46016E9,4,0.3296090720292812
1.4602464E9,4,0.33296994473800434
1.4603328E9,4,0.3363308174467275
1.4604192E9,4,0.33969169015545064
1.4605056E9,4,0.34305256286417374
1.460592E9,4,0.3464134355728969
1.4606784E9,4,0.34977430828162004
1.4607648E9,4,0.3531351809903432
1.4608512E9,4,0.35649605369906634
1.4609376E9,4,0.3598569264077895
1.461024E9,4,0.3632177991165126
1.4611104E9,4,0.36657867182523574
1.4611968E9,4,0.3699395445339589
1.4612832E9,4,0.37330041724268204
1.4613696E9,4,0.3766612899514052
1.461456E9,4,0.3800221626601283
1.4615424E9,4,0.38338303536885143
1.4616288E9,4,0.3867439080775746
1.4617152E9,4,0.39010478078629773
1.4618016E9,4,0.3934656534950209
1.461888E9,4,0.39682652620374403
1.4619744E9,4,0.40018739891246713
1.4620608E9,4,0.4035482716211903
1.4621472E9,4,0.40690914432991343
1.4622336E9,4,0.4102700170386366
1.46232E9,4,0.41363088974735973
1.4624064E9,4,0.4169917624560829
1.4624928E9,4,0.420352635164806
1.4625792E9,4,0.4237135078735291
1.4626656E9,4,0.4270743805822523
1.462752E9,4,0.43043525329097543
1.4628384E9,4,0.4337961259996986
1.4629248E9,4,0.43715699870842173
1.4630112E9,4,0.4405178714171448
1.4630976E9,4,0.443878744125868
1.463184E9,4,0.4472396168345911
1.4632704E9,4,0.4506004895433143
1.4633568E9,4,0.4539613622520374
1.4634432E9,4,0.4573222349607606
1.4635296E9,4,0.46068310766948367
1.463616E9,4,0.4640439803782068
1.4637024E9,4,0.46740485308692997
1.4637888E9,4,0.4707657257956531
1.4638752E9,4,0.4741265985043763
1.4639616E9,4,0.4774874712130994
1.464048E9,4,0.4808483439218225
1.4641344E9,4,0.48420921663054567
1.4642208E9,4,0.4875700893392688
1.4643072E9,4,0.49093096204799197
1.4643936E9,4,0.4942918347567151
1.46448E9,4,0.49765270746543827
1.4645664E9,4,0.5010135801741614
1.4646528E9,4,0.5043744528828845
1.4647392E9,4,0.5077353255916077
1.4648256E9,4,0.5110961983003308
1.464912E9,4,0.5144570710090539
1.4649984E9,4,0.5178179437177771
1.4650848E9,4,0.5211788164265002
1.4651712E9,4,0.5245396891352234
1.4652576E9,4,0.5279005618439465
1.465344E9,4,0.5312614345526696
1.4654304E9,4,0.5346223072613928
1.4655168E9,4,0.5379831799701159
1.4656032E9,4,0.5413440526788391
1.4656896E9,4,0.5447049253875622
1.465776E9,4,0.5480657980962853
1.4658624E9,4,0.5514266708050085
1.4659488E9,4,0.5547875435137316
1.4660352E9,4,0.5581484162224548
1.4661216E9,4,0.5615092889311779
1.466208E9,4,0.5648701616399011
1.4662944E9,4,0.5682310343486242
1.4663808E9,4,0.5715919070573473
1.4664672E9,4,0.5749527797660705
1.4665536E9,4,0.5783136524747936
1.46664E9,4,0.5816745251835168
1.4667264E9,4,0.5850353978922399
1.4668128E9,4,0.588396270600963
1.4668992E9,4,0.5917571433096862
1.4669856E9,4,0.5951180160184093
1.467072E9,4,0.5984788887271325
1.4671584E9,4,0.6018397614358556
1.4672448E9,4,0.6052006341445788
1.4673312E9,4,0.6085615068533019
1.4674176E9,4,0.611922379562025
1.467504E9,4,0.6152832522707482
1.4675904E9,4,0.6186441249794713
1.4676768E9,4,0.6220049976881945
1.4677632E9,4,0.6253658703969176
1.4678496E9,4,0.6287267431056407
1.467936E9,4,0.6320876158143639
1.4680224E9,4,0.635448488523087
1.4681088E9,4,0.6388093612318102
1.4681952E9,4,0.6421702339405333
1.4682816E9,4,0.6455311066492565
1.468368E9,4,0.6488919793579796
1.4684544E9,4,0.6522528520667027
1.4685408E9,4,0.6556137247754259
1.4686272E9,4,0.658974597484149
1.4687136E9,4,0.6623354701928722
1.4688E9,4,0.6656963429015953
1.4688864E9,4,0.6690572156103184
1.4689728E9,4,0.6724180883190416
1.4690592E9,4,0.6757789610277647
1.4691456E9,4,0.6791398337364879
1.469232E9,4,0.682500706445211
1.4693184E9,4,0.6858615791539341
1.4694048E9,4,0.6892224518626573
1.4694912E9,4,0.6925833245713804
1.4695776E9,4,0.6959441972801036
1.469664E9,4,0.6993050699888267
1.4697504E9,4,0.7026659426975499
1.4698368E9,4,0.706026815406273
1.4699232E9,4,0.7093876881149961
1.4700096E9,4,0.7127485608237193
1.470096E9,4,0.7161094335324424
1.4701824E9,4,0.7194703062411656
1.4702688E9,4,0.7228311789498887
1.4703552E9,4,0.7261920516586118
1.4704416E9,4,0.729552924367335
1.470528E9,4,0.7329137970760581
1.4706144E9,4,0.7362746697847813
1.4707008E9,4,0.7396355424935044
1.4707872E9,4,0.7429964152022276
1.4708736E9,4,0.7463572879109507
1.47096E9,4,0.7497181606196738
1.4710464E9,4,0.753079033328397
1.4711328E9,4,0.7564399060371201
1.4712192E9,4,0.7598007787458433
1.4713056E9,4,0.7631616514545664
1.471392E9,4,0.7665225241632895
1.4714784E9,4,0.7698833968720127
1.4715648E9,4,0.7732442695807358
1.4716512E9,4,0.776605142289459
1.4717376E9,4,0.7799660149981821
1.471824E9,4,0.7833268877069053
1.4719104E9,4,0.7866877604156284
1.4719968E9,4,0.7900486331243515
1.4720832E9,4,0.7934095058330747
1.4721696E9,4,0.7967703785417978
1.472256E9,4,0.800131251250521
1.4723424E9,4,0.8034921239592441
1.4724288E9,4,0.8068529966679672
1.4725152E9,4,0.8102138693766904
1.4726016E9,4,0.8135747420854135
1.472688E9,4,0.8169356147941367
1.4727744E9,4,0.8202964875028598
1.4728608E9,4,0.8236573602115829
1.4729472E9,4,0.8270182329203061
1.4730336E9,4,0.8303791056290292
1.47312E9,4,0.8337399783377524
1.4732064E9,4,0.8371008510464755
1.4732928E9,4,0.8404617237551987
1.4733792E9,4,0.8438225964639218
1.4734656E9,4,0.8471834691726449
1.473552E9,4,0.8505443418813681
1.4736384E9,4,0.8539052145900912
1.4737248E9,4,0.8572660872988144
1.4738112E9,4,0.8606269600075375
1.4738976E9,4,0.8639878327162606
1.473984E9,4,0.8673487054249838
1.4740704E9,4,0.8707095781337069
1.4741568E9,4,0.8740704508424301
1.4742432E9,4,0.8774313235511532
1.4743296E9,4,0.8807921962598764
1.474416E9,4,0.8841530689685995
1.4745024E9,4,0.8875139416773226
1.4745888E9,4,0.8908748143860458
1.4746752E9,4,0.8942356870947689
1.4747616E9,4,0.8975965598034921
1.474848E9,4,0.9009574325122152
1.4749344E9,4,0.9043183052209383
1.4750208E9,4,0.9076791779296615
1.4751072E9,4,0.9110400506383846
1.4751936E9,4,0.9144009233471078
1.47528E9,4,0.9177617960558309
1.4753664E9,4,0.9211226687645541
1.4754528E9,4,0.9244835414732772
1.4755392E9,4,0.9278444141820003
1.4756256E9,4,0.9312052868907235
1.475712E9,4,0.9345661595994466
1.4757984E9,4,0.9379270323081698
1.4758848E9,4,0.9412879050168929
1.4759712E9,4,0.944648777725616
1.4760576E9,4,0.9480096504343392
1.476144E9,4,0.9513705231430623
1.4762304E9,4,0.9547313958517855
1.4763168E9,4,0.9580922685605086
1.4764032E9,4,0.9614531412692318
1.4764896E9,4,0.9648140139779549
1.476576E9,4,0.968174886686678
1.4766624E9,4,0.9715357593954012
1.4767488E9,4,0.9748966321041242
1.4768352E9,4,0.9782575048128475
1.4769216E9,4,0.9816183775215706
1.477008E9,4,0.9849792502302936
1.4770944E9,4,0.9883401229390169
1.4771808E9,4,0.99170099564774
1.4772672E9,4,0.9950618683564632
1.4773536E9,4,0.9984227410651862
1.47744E9,4,1.0017836137739093
1.4775264E9,4,1.0051444864826324
1.4776128E9,4,1.0085053591913558
1.4776992E9,4,1.0118662319000788
1.4777856E9,4,1.015227104608802
1.477872E9,4,1.018587977317525
1.4779584E9,4,1.0219488500262481
1.4780448E9,4,1.0253097227349715
1.4781312E9,4,1.0286705954436945
1.4782176E9,4,1.0320314681524176
1.478304E9,4,1.0353923408611407
1.4783904E9,4,1.038753213569864
1.4784768E9,4,1.0421140862785871
1.4785632E9,4,1.0454749589873102
1.4786496E9,4,1.0488358316960333
1.478736E9,4,1.0521967044047564
1.4788224E9,4,1.0555575771134798
1.4789088E9,4,1.0589184498222028
1.4789952E9,4,1.062279322530926
1.4790816E9,4,1.065640195239649
1.479168E9,4,1.0690010679483721
1.4792544E9,4,1.0723619406570954
1.4793408E9,4,1.0757228133658185
1.4794272E9,4,1.0790836860745416
1.4795136E9,4,1.0824445587832647
1.4796E9,4,1.0858054314919878
1.4796864E9,4,1.0891663042007111
1.4797728E9,4,1.0925271769094342
1.4798592E9,4,1.0958880496181573
1.4799456E9,4,1.0992489223268804
1.480032E9,4,1.1026097950356035
1.4801184E9,4,1.1059706677443268
1.4802048E9,4,1.10933154045305
1.4802912E9,4,1.112692413161773
1.4803776E9,4,1.1160532858704961
1.480464E9,4,1.1194141585792194
1.4805504E9,4,1.1227750312879425
1.4806368E9,4,1.1261359039966656
1.4807232E9,4,1.1294967767053887
1.4808096E9,4,1.1328576494141118
1.480896E9,4,1.1362185221228351
1.4809824E9,4,1.1395793948315582
1.4810688E9,4,1.1429402675402813
1.4811552E9,4,1.1463011402490044
1.4812416E9,4,1.1496620129577275
1.481328E9,4,1.1530228856664508
1.4814144E9,4,1.156383758375174
1.4815008E9,4,1.159744631083897
1.4815872E9,4,1.1631055037926201
1.4816736E9,4,1.1664663765013432
1.48176E9,4,1.1698272492100665
1.4818464E9,4,1.1731881219187896
1.4819328E9,4,1.1765489946275127
1.4820192E9,4,1.1799098673362358
1.4821056E9,4,1.183270740044959
1.482192E9,4,1.1866316127536822
1.4822784E9,4,1.1899924854624053
1.4823648E9,4,1.1933533581711284
1.4824512E9,4,1.1967142308798515
1.4825376E9,4,1.2000751035885746
1.482624E9,4,1.203435976297298
1.4827104E9,4,1.206796849006021
1.4827968E9,4,1.2101577217147441
1.4828832E9,4,1.2135185944234672
1.4829696E9,4,1.2168794671321905
1.483056E9,4,1.2202403398409136
1.4831424E9,4,1.2236012125496367
1.4832288E9,4,1.2269620852583598
1.4833152E9,4,1.230322957967083
1.4834016E9,4,1.2336838306758062
1.483488E9,4,1.2370447033845293
1.4835744E9,4,1.239
1.4836608E9,4,1.239
1.4837472E9,4,1.239
1.4838336E9,4,1.232
1.48392E9,4,1.224
1.4840064E9,4,1.219
1.4840928E9,4,1.239
1.4841792E9,4,1.219
1.4842656E9,4,1.219
1.484352E9,4,1.234
1.4844384E9,4,1.214
1.4845248E9,4,1.204
1.4846112E9,4,1.212
1.4846976E9,4,1.224
1.484784E9,4,1.220558993465384
1.4848704E9,4,1.204
1.4849568E9,4,1.202
1.4850432E9,4,1.189
1.4851296E9,4,1.179
1.485216E9,4,1.174
1.4853024E9,4,1.174
1.4853888E9,4,1.184
1.4854752E9,4,1.182
1.4855616E9,4,1.192
1.485648E9,4,1.174
1.4857344E9,4,1.158
1.4858208E9,4,1.172
1.4543712E9,5,1.1070657154955048
1.4544576E9,5,1.1074861596423788
1.454544E9,5,1.1079066037892529
1.4546304E9,5,1.108327047936127
1.4547168E9,5,1.108747492083001
1.4548032E9,5,1.109167936229875
1.4548896E9,5,1.109588380376749
1.454976E9,5,1.110008824523623
1.4550624E9,5,1.110429268670497
1.4551488E9,5,1.110849712817371
1.4552352E9,5,1.1112701569642451
1.4553216E9,5,1.1116906011111192
1.455408E9,5,1.1121110452579932
1.4554944E9,5,1.1125314894048672
1.4555808E9,5,1.1129519335517413
1.4556672E9,5,1.1133723776986153
1.4557536E9,5,1.1137928218454893
1.45584E9,5,1.1142132659923634
1.4559264E9,5,1.1146337101392374
1.4560128E9,5,1.1150541542861114
1.4560992E9,5,1.1154745984329855
1.4561856E9,5,1.1158950425798595
1.456272E9,5,1.1163154867267335
1.4563584E9,5,1.1167359308736076
1.4564448E9,5,1.1171563750204816
1.4565312E9,5,1.1175768191673556
1.4566176E9,5,1.1179972633142297
1.456704E9,5,1.1184177074611037
1.4567904E9,5,1.1188381516079775
1.4568768E9,5,1.1192585957548515
1.4569632E9,5,1.1196790399017256
1.4570496E9,5,1.1200994840485996
1.457136E9,5,1.1205199281954736
1.4572224E9,5,1.1209403723423477
1.4573088E9,5,1.1213608164892217
1.4573952E9,5,1.1217812606360957
1.4574816E9,5,1.1222017047829698
1.457568E9,5,1.1226221489298438
1.4576544E9,5,1.1230425930767178
1.4577408E9,5,1.1234630372235919
1.4578272E9,5,1.123883481370466
1.4579136E9,5,1.12430392551734
1.458E9,5,1.124724369664214
1.4580864E9,5,1.125144813811088
1.4581728E9,5,1.125565257957962
1.4582592E9,5,1.125985702104836
1.4583456E9,5,1.12640614625171
1.458432E9,5,1.1268265903985841
1.4585184E9,5,1.1272470345454582
1.4586048E9,5,1.1276674786923322
1.4586912E9,5,1.1280879228392062
1.4587776E9,5,1.1285083669860803
1.458864E9,5,1.1289288111329543
1.4589504E9,5,1.1293492552798283
1.4590368E9,5,1.1297696994267024
1.4591232E9,5,1.1301901435735764
1.4592096E9,5,1.1306105877204504
1.459296E9,5,1.1310310318673245
1.4593824E9,5,1.1314514760141983
1.4594688E9,5,1.1318719201610723
1.4595552E9,5,1.1322923643079463
1.4596416E9,5,1.1327128084548204
1.459728E9,5,1.1331332526016944
1.4598144E9,5,1.1335536967485684
1.4599008E9,5,1.1339741408954425
1.4599872E9,5,1.1343945850423165
1.4600736E9,5,1.1348150291891905
1.46016E9,5,1.1352354733360646
1.4602464E9,5,1.1356559174829386
1.4603328E9,5,1.1360763616298126
1.4604192E9,5,1.1364968057766867
1.4605056E9,5,1.1369172499235607
1.460592E9,5,1.1373376940704347
1.4606784E9,5,1.1377581382173088
1.4607648E9,5,1.1381785823641828
1.4608512E9,5,1.1385990265110568
1.4609376E9,5,1.1390194706579309
1.461024E9,5,1.1394399148048049
1.4611104E9,5,1.139860358951679
1.4611968E9,5,1.140280803098553
1.4612832E9,5,1.140701247245427
1.4613696E9,5,1.141121691392301
1.461456E9,5,1.141542135539175
1.4615424E9,5,1.141962579686049
1.4616288E9,5,1.1423830238329231
1.4617152E9,5,1.1428034679797971
1.4618016E9,5,1.143223912126671
1.461888E9,5,1.143644356273545
1.4619744E9,5,1.144064800420419
1.4620608E9,5,1.144485244567293
1.4621472E9,5,1.144905688714167
1.4622336E9,5,1.1453261328610411
1.46232E9,5,1.1457465770079152
1.4624064E9,5,1.1461670211547892
1.4624928E9,5,1.1465874653016632
1.4625792E9,5,1.1470079094485373
1.4626656E9,5,1.1474283535954113
1.462752E9,5,1.1478487977422853
1.4628384E9,5,1.1482692418891594
1.4629248E9,5,1.1486896860360334
1.4630112E9,5,1.1491101301829074
1.4630976E9,5,1.1495305743297815
1.463184E9,5,1.1499510184766555
1.4632704E9,5,1.1503714626235295
1.4633568E9,5,1.1507919067704035
1.4634432E9,5,1.1512123509172776
1.4635296E9,5,1.1516327950641516
1.463616E9,5,1.1520532392110256
1.4637024E9,5,1.1524736833578997
1.4637888E9,5,1.1528941275047737
1.4638752E9,5,1.1533145716516477
1.4639616E9,5,1.1537350157985218
1.464048E9,5,1.1541554599453958
1.4641344E9,5,1.1545759040922698
1.4642208E9,5,1.1549963482391439
1.4643072E9,5,1.155416792386018
1.4643936E9,5,1.1558372365328917
1.46448E9,5,1.1562576806797658
1.4645664E9,5,1.1566781248266398
1.4646528E9,5,1.1570985689735138
1.4647392E9,5,1.1575190131203879
1.4648256E9,5,1.1579394572672619
1.464912E9,5,1.158359901414136
1.4649984E9,5,1.15878034556101
1.4650848E9,5,1.159200789707884
1.4651712E9,5,1.159621233854758
1.4652576E9,5,1.160041678001632
1.465344E9,5,1.160462122148506
1.4654304E9,5,1.1608825662953801
1.4655168E9,5,1.1613030104422541
1.4656032E9,5,1.1617234545891282
1.4656896E9,5,1.1621438987360022
1.465776E9,5,1.1625643428828762
1.4658624E9,5,1.1629847870297503
1.4659488E9,5,1.1634052311766243
1.4660352E9,5,1.1638256753234983
1.4661216E9,5,1.1642461194703724
1.466208E9,5,1.1646665636172464
1.4662944E9,5,1.1650870077641204
1.4663808E9,5,1.1655074519109945
1.4664672E9,5,1.1659278960578685
1.4665536E9,5,1.1663483402047425
1.46664E9,5,1.1667687843516166
1.4667264E9,5,1.1671892284984906
1.4668128E9,5,1.1676096726453644
1.4668992E9,5,1.1680301167922384
1.4669856E9,5,1.1684505609391125
1.467072E9,5,1.1688710050859865
1.4671584E9,5,1.1692914492328605
1.4672448E9,5,1.1697118933797346
1.4673312E9,5,1.1701323375266086
1.4674176E9,5,1.1705527816734826
1.467504E9,5,1.1709732258203567
1.4675904E9,5,1.1713936699672307
1.4676768E9,5,1.1718141141141047
1.4677632E9,5,1.1722345582609788
1.4678496E9,5,1.1726550024078528
1.467936E9,5,1.1730754465547268
1.4680224E9,5,1.1734958907016009
1.4681088E9,5,1.173916334848475
1.4681952E9,5,1.174336778995349
1.4682816E9,5,1.174757223142223
1.468368E9,5,1.175177667289097
1.4684544E9,5,1.175598111435971
1.4685408E9,5,1.176018555582845
1.4686272E9,5,1.176438999729719
1.4687136E9,5,1.1768594438765931
1.4688E9,5,1.1772798880234672
1.4688864E9,5,1.1777003321703412
1.4689728E9,5,1.1781207763172152
1.4690592E9,5,1.1785412204640893
1.4691456E9,5,1.1789616646109633
1.469232E9,5,1.1793821087578373
1.4693184E9,5,1.1798025529047114
1.4694048E9,5,1.1802229970515854
1.4694912E9,5,1.1806434411984592
1.4695776E9,5,1.1810638853453332
1.469664E9,5,1.1814843294922073
1.4697504E9,5,1.1819047736390813
1.4698368E9,5,1.1823252177859553
1.4699232E9,5,1.1827456619328294
1.4700096E9,5,1.1831661060797034
1.470096E9,5,1.1835865502265774
1.4701824E9,5,1.1840069943734515
1.4702688E9,5,1.1844274385203255
1.4703552E9,5,1.1848478826671995
1.4704416E9,5,1.1852683268140736
1.470528E9,5,1.1856887709609476
1.4706144E9,5,1.1861092151078216
1.4707008E9,5,1.1865296592546957
1.4707872E9,5,1.1869501034015697
1.4708736E9,5,1.1873705475484437
1.47096E9,5,1.1877909916953178
1.4710464E9,5,1.1882114358421918
1.4711328E9,5,1.1886318799890658
1.4712192E9,5,1.1890523241359399
1.4713056E9,5,1.189472768282814
1.471392E9,5,1.189893212429688
1.4714784E9,5,1.190313656576562
1.4715648E9,5,1.190734100723436
1.4716512E9,5,1.19115454487031
1.4717376E9,5,1.191574989017184
1.471824E9,5,1.1919954331640579
1.4719104E9,5,1.192415877310932
1.4719968E9,5,1.192836321457806
1.4720832E9,5,1.19325676560468
1.4721696E9,5,1.193677209751554
1.472256E9,5,1.194097653898428
1.4723424E9,5,1.194518098045302
1.4724288E9,5,1.194938542192176
1.4725152E9,5,1.1953589863390501
1.4726016E9,5,1.1957794304859242
1.472688E9,5,1.1961998746327982
1.4727744E9,5,1.1966203187796722
1.4728608E9,5,1.1970407629265463
1.4729472E9,5,1.1974612070734203
1.4730336E9,5,1.1978816512202943
1.47312E9,5,1.1983020953671684
1.4732064E9,5,1.1987225395140424
1.4732928E9,5,1.1991429836609164
1.4733792E9,5,1.1995634278077905
1.4734656E9,5,1.1999838719546645
1.473552E9,5,1.2004043161015385
1.4736384E9,5,1.2008247602484126
1.4737248E9,5,1.2012452043952866
1.4738112E9,5,1.2016656485421606
1.4738976E9,5,1.2020860926890347
1.473984E9,5,1.2025065368359087
1.4740704E9,5,1.2029269809827827
1.4741568E9,5,1.2033474251296568
1.4742432E9,5,1.2037678692765308
1.4743296E9,5,1.2041883134234048
1.474416E9,5,1.2046087575702789
1.4745024E9,5,1.2050292017171527
1.4745888E9,5,1.2054496458640267
1.4746752E9,5,1.2058700900109007
1.4747616E9,5,1.2062905341577748
1.474848E9,5,1.2067109783046488
1.4749344E9,5,1.2071314224515228
1.4750208E9,5,1.2075518665983969
1.4751072E9,5,1.207972310745271
1.4751936E9,5,1.208392754892145
1.47528E9,5,1.208813199039019
1.4753664E9,5,1.209233643185893
1.4754528E9,5,1.209654087332767
1.4755392E9,5,1.210074531479641
1.4756256E9,5,1.210494975626515
1.475712E9,5,1.2109154197733891
1.4757984E9,5,1.2113358639202632
1.4758848E9,5,1.2117563080671372
1.4759712E9,5,1.2121767522140112
1.4760576E9,5,1.2125971963608853
1.476144E9,5,1.2130176405077593
1.4762304E9,5,1.2134380846546333
1.4763168E9,5,1.2138585288015074
1.4764032E9,5,1.2142789729483814
1.4764896E9,5,1.2146994170952554
1.476576E9,5,1.2151198612421295
1.4766624E9,5,1.2155403053890035
1.4767488E9,5,1.2159607495358775
1.4768352E9,5,1.2163811936827513
1.4769216E9,5,1.2168016378296254
1.477008E9,5,1.2172220819764994
1.4770944E9,5,1.2176425261233734
1.4771808E9,5,1.2180629702702475
1.4772672E9,5,1.2184834144171215
1.4773536E9,5,1.2189038585639955
1.47744E9,5,1.2193243027108696
1.4775264E9,5,1.2197447468577436
1.4776128E9,5,1.2201651910046176
1.4776992E9,5,1.2205856351514917
1.4777856E9,5,1.2210060792983657
1.477872E9,5,1.2214265234452397
1.4779584E9,5,1.2218469675921138
1.4780448E9,5,1.2222674117389878
1.4781312E9,5,1.2226878558858618
1.4782176E9,5,1.2231083000327359
1.478304E9,5,1.2235287441796099
1.4783904E9,5,1.223949188326484
1.4784768E9,5,1.224369632473358
1.4785632E9,5,1.224790076620232
1.4786496E9,5,1.225210520767106
1.478736E9,5,1.22563096491398
1.4788224E9,5,1.226051409060854
1.4789088E9,5,1.2264718532077281
1.4789952E9,5,1.2268922973546021
1.4790816E9,5,1.2273127415014762
1.479168E9,5,1.2277331856483502
1.4792544E9,5,1.2281536297952242
1.4793408E9,5,1.2285740739420983
1.4794272E9,5,1.2289945180889723
1.4795136E9,5,1.2294149622358463
1.4796E9,5,1.2298354063827202
1.4796864E9,5,1.2302558505295942
1.4797728E9,5,1.2306762946764682
1.4798592E9,5,1.2310967388233423
1.4799456E9,5,1.2315171829702163
1.480032E9,5,1.2319376271170903
1.4801184E9,5,1.2323580712639643
1.4802048E9,5,1.2327785154108384
1.4802912E9,5,1.2331989595577124
1.4803776E9,5,1.2336194037045864
1.480464E9,5,1.2340398478514605
1.4805504E9,5,1.2344602919983345
1.4806368E9,5,1.2348807361452085
1.4807232E9,5,1.2353011802920826
1.4808096E9,5,1.2357216244389566
1.480896E9,5,1.2361420685858306
1.4809824E9,5,1.2365625127327047
1.4810688E9,5,1.2369829568795787
1.4811552E9,5,1.2374034010264527
1.4812416E9,5,1.2378238451733268
1.481328E9,5,1.2382442893202008
1.4814144E9,5,1.2386647334670748
1.4815008E9,5,1.2390851776139489
1.4815872E9,5,1.239505621760823
1.4816736E9,5,1.239926065907697
1.48176E9,5,1.2403465100545708
1.4818464E9,5,1.2407669542014448
1.4819328E9,5,1.2411873983483188
1.4820192E9,5,1.2416078424951928
1.4821056E9,5,1.2420282866420669
1.482192E9,5,1.242448730788941
1.4822784E9,5,1.242869174935815
1.4823648E9,5,1.243289619082689
1.4824512E9,5,1.243710063229563
1.4825376E9,5,1.244130507376437
1.482624E9,5,1.244550951523311
1.4827104E9,5,1.244971395670185
1.4827968E9,5,1.2453918398170591
1.4828832E9,5,1.2458122839639332
1.4829696E9,5,1.2462327281108072
1.483056E9,5,1.2466531722576812
1.4831424E9,5,1.2470736164045553
1.4832288E9,5,1.2474940605514293
1.4833152E9,5,1.2479145046983033
1.4834016E9,5,1.2483349488451774
1.483488E9,5,1.2487553929920514
1.4835744E9,5,1.244
1.4836608E9,5,1.244
1.4837472E9,5,1.244
1.4838336E9,5,1.244
1.48392E9,5,1.244
1.4840064E9,5,1.244
1.4840928E9,5,1.244
1.4841792E9,5,1.224
1.4842656E9,5,1.234
1.484352E9,5,1.244
1.4844384E9,5,1.224
1.4845248E9,5,1.2205663922636716
1.4846112E9,5,1.219
1.4846976E9,5,1.229
1.484784E9,5,1.2414909768308302
1.4848704E9,5,1.224
1.4849568E9,5,1.214
1.4850432E9,5,1.199
1.4851296E9,5,1.184
1.485216E9,5,1.179
1.4853024E9,5,1.204
1.4853888E9,5,1.189
1.4854752E9,5,1.189
1.4855616E9,5,1.199
1.485648E9,5,1.179
1.4857344E9,5,1.179
1.4858208E9,5,1.179
